Let's Set Up Your Accounts and Taxes.,让我们来设置您的账户和税务,
"Accounts, Invoices, Taxation, and more.",账户、发票、税收等等,
Review Chart of Accounts,审查账户表,
Cost Centers for Budgeting and Analysis,成本中心用于预算和分析,
Create Your First Purchase Invoice,创建您的第一张采购发票,
Updating Opening Balances,更新期初余额,
Chart Of Accounts,账户表,
"ERPNext sets up a simple chart of accounts for each Company you create, but you can modify it according to business and legal requirements.",XERP为您创建的每个公司都设置了一个简单的账户表，但您可以根据业务和法律要求进行修改,
Watch Tutorial,观看教程,
Manage Sales Tax Templates,管理销售税模板,
Take a quick walk-through of Accounts Settings,快速浏览一下账户设置,
View Cost Center Tree,查看成本中心层级结构,
Let’s create your first Purchase Invoice,让我们创建您的第一张采购发票,
Move Up,上移,
Move Down,下移,
Edit Onboarding,编辑流程,
Onboarding Name,流程名称,
Quick Lists,快速访问列表,
Custom Blocks,自定义区块,
Is Hidden,是否被隐藏,
Number Card Name,数字卡片的名称,
Custom Block Name,自定义块的名称,
Go to Workspace,进入工作区,
Shrink,收缩,
Edit Number Card,编辑数字卡片,
Spacer,空白区域,
Edit Links,编辑链接,
Card Links,卡片链接,
Link Type,链接类型,
Only for,仅供,
Onboard,引导,
Is Query Report,查询报告,
Cost Center Allocation,成本中心分配,
Bank Reconciliation Tool,银行对账工具,
Share Ledger,共享账簿,
Default Payment Discount Account,默认支付折扣账户,
Unrealized Profit / Loss Account,未实现利润/损失账户,
Book Advance Payments in Separate Party Account,将预付款记入单独的方账户,
"Enabling this option will allow you to record - ",启用此选项将允许您记录 -,
Exchange Rate Revaluation Settings,汇率重新估值设置,
Auto Create Exchange Rate Revaluation,自动创建汇率重新估值,
Submit ERR Journals?,提交 ERR（错误）日记账？,
Fixed Asset Defaults,固定资产默认设置,
Buying and Selling,购买和销售,
Buying & Selling Settings,购买和销售设置,
HR & Payroll Settings,人力资源与工资设置,
Enable Provisional Accounting For Non Stock Items,启用非库存项目的暂定会计,
Default Provisional Account,默认暂定账户,
Default In-Transit Warehouse,默认在途仓库,
Graph,图表,
Manage,管理,
Delete Transactions,删除交易,
"Default tax templates for sales, purchase and items are created.",为销售、采购和商品创建的默认税收模板已建立,
Invoice and Billing,发票和计费,
Invoice Cancellation,发票取消,
Delete Accounting and Stock Ledger Entries on deletion of Transaction,在删除交易时删除会计和库存分类帐条目,
Invoicing Features,发票功能,
"Enabling ensure each Purchase Invoice has a unique value in Supplier Invoice No. field",启用确保每张采购发票在供应商发票编号字段中具有唯一值,
Automatically Fetch Payment Terms from Order,自动从订单中提取付款条款,
Payment Terms from orders will be fetched into the invoices as is,订单中的付款条款将按原样提取到发票中,
Enable Common Party Accounting,启用共同方账务,
Learn about,了解有关,
Common Party,共同方的信息,
Enabling this will allow creation of multi-currency invoices against single party account in company currency,启用此选项将允许在公司货币下创建针对单一方账户的多币种发票,
Journals,日记账,
Merge Similar Account Heads,合并相似的账户头,
Rows with Same Account heads will be merged on Ledger,相同账户头的行将在总账上合并,
Tax Settings,税务设置,
Book Tax Loss on Early Payment Discount,在提前付款折扣上记录税务亏损,
Split Early Payment Discount Loss into Income and Tax Loss,将提前付款折扣损失分割为收入和税务亏损,
Round Tax Amount Row-wise,逐行对税额进行四舍五入,
Tax Amount will be rounded on a row(items) level,税额将在行（商品）级别进行四舍五入,
Show Taxes as Table in Print,在打印中以表格形式显示税收,
Payment Reconciliations,支付对账,
Auto Reconcile Payments,自动对账支付,
Credit Limit Settings,信用额度设置,
Role Allowed to Over Bill,允许超额计费的角色,
Users with this role are allowed to over bill above the allowance percentage,拥有此角色的用户被允许在津贴百分比之上进行超额计费,
Role allowed to bypass Credit Limit,允许绕过信用额度的角色,
POS Setting,POS设置,
Create Ledger Entries for Change Amount,为找零金额创建总账分录,
"If enabled, ledger entries will be posted for change amount in POS transactions",如果启用，将在POS交易中为找零金额发布总账分录,
Asset Settings,资产设置,
Period Closing Settings,期末结账设置,
Ignore Account Closing Balance,忽略账户期末余额,
"Financial reports will be generated using GL Entry doctypes (should be enabled if Period Closing Voucher is not posted for all years sequentially or missing) ",财务报告将使用总账分录文档类型生成（如果所有年度的期末凭证未按顺序发布或缺失，则应启用）,
Show Balances in Chart Of Accounts,在科目余额表中显示余额,
Enable Automatic Party Matching,启用自动方匹配,
Auto match and set the Party in Bank Transactions,自动匹配并设置银行交易中的方（Party）,
Remarks Column Length,备注栏长度,
Accounts Receivable/Payable,应收账款/应付账款,
Truncates 'Remarks' column to set character length,将“备注”栏截断以设置字符长度,
Truncates 'Remarks' column to set character length,将“备注”栏截断以设置字符长度,
Accounts Closing,账户结账,
"Allow multi-currency invoices against single party account ",允许在单一方账户下创建多币种发票,
"Role Allowed to Over Bill ",被允许超额计费的角色,
Is Short Year,短年度,
Less than 12 months.,少于12个月,
Automatically post balancing accounting entry,自动发布平衡会计分录,
Offsetting Account,抵销账户,
Invoice Portion (%),发票部分 (%),
Discount Settings,折扣设置,
Show Remarks,显示备注,
Show Net Values in Party Account,在方账户中显示净值,
Add Columns in Transaction Currency,在交易货币中添加列,
Sort Ascending,升序排序,
Sort Descending,降序排序,
Reset sorting,重置排序,
Remove column,移除列,
Is Rate Adjustment Entry (Debit Note),汇率调整分录（借方通知）,
Issue a debit note with 0 qty against an existing Sales Invoice,对现有的销售发票开具数量为0的借方通知,
Incoterm,装运术语,
Use Company default Cost Center for Round off,使用公司默认的成本中心进行四舍五入,
Is Cash or Non Trade Discount,是现金折扣还是非贸易折扣,
Contact & Address,联系人与地址,
Dispatch Address Name,发货地址名称,
Payment Amount (Company Currency),付款金额（公司货币）,
Amount Eligible for Commission,计佣金的金额,
Fetch Timesheet,提取工时表,
Get Timesheets,获取工时表,
From Opportunity,从商机获取,
Internal Customer,内部客户,
Allowed Items,允许的物品,
Party Specific Item,特定方的物品,
Restrict Items Based On,基于...限制物品,
Based On Value,基于数值,
Mention if non-standard Receivable account,如果是非标准应收账户，请提及,
Portal Users,门户用户,
Customer Portal Users,客户门户用户,
Get Customer Group Details,获取客户组详细信息,
Revaluation Journals,重新估值日记账,
In Party Currency,以方的货币,
Show GL Balance,显示总账余额,
Revaluation Journals,重新估值日记账,
Show Ledger View,显示总账视图,
Supplier Invoice,供应商发票,
Use Transaction Date Exchange Rate,使用交易日期汇率,
Accepted Qty in Stock UOM,库存计量单位中的已接受数量,
WIP Composite Asset,WIP复合资产,
Use Company Default Round Off Cost Center,使用公司默认的四舍五入成本中心,
Company Shipping Address,公司发货地址,
Company Billing Address,公司账单地址,
Additional Info,附加信息,
Proprietorship,个体经营,
Partnership,合伙制,
Internal Supplier,内部供应商,
Supplier Primary Address,供应商主地址,
Supplier Primary Contact,供应商主联系人,
Supplier Portal Users,供应商门户用户,
Show net values in opening and closing columns,在期初和期末列中显示净值,
Total Asset,总资产,
Total Liability,总负债,
Total Equity,总权益,
Show Currency Symbol on Right Side,在右侧显示货币符号,
Rounding Loss Allowance,四舍五入损失准备,
Zero Balance,零余额,
This Account has '0' balance in either Base Currency or Account Currency,此账户在基础货币或账户货币中的余额为'0',
Setting the account as a Company Account is necessary for Bank Reconciliation,将账户设置为公司账户对于银行对账是必要的,
IBAN,国际银行账号（IBAN）,
Filter by Reference Date,按参考日期筛选,
Account Opening Balance,账户期初余额,
Closing Balance as per Bank Statement,按银行对账单的期末余额,
Closing Balance as per ERP,按ERP的期末余额,
No Matching Bank Transactions Found,未找到匹配的银行交易,
Upload Bank Statement,上传银行对账单,
Auto Reconcile,自动对账,
Product Price ID,产品价格ID,
Generate Invoice At,生成发票日期,
End of the current subscription period,当前订阅周期结束,
Beginning of the current subscription period,当前订阅周期开始,
Days before the current subscription period,当前订阅周期前的天数,
Submit Generated Invoices,提交生成的发票,
Main Cost Center,主成本中心,
Cost Center Allocation Percentages,成本中心分配百分比,
Percentage (%),百分比（%）,
Considered In Paid Amount,在支付金额中考虑,
"If checked, the tax amount will be considered as already included in the Paid Amount in Payment Entry",如果选中，则税额将被视为已经包含在付款金额中的支付分录中,
Category Details,类别详细信息,
Consider Entire Party Ledger Amount,考虑整个方账户总额,
Even invoices with apply tax withholding unchecked will be considered for checking cumulative threshold breach,即使发票中未选中代扣税，也将考虑检查累积阈值违规,
Only Deduct Tax On Excess Amount ,仅在超额金额上扣税,
Tax will be withheld only for amount exceeding the cumulative threshold,仅在超过累积阈值的金额上代扣税款,
Round Off Tax Amount,四舍五入税额,
Checking this will round off the tax amount to the nearest integer,选中此选项将税额四舍五入到最近的整数,
Is Composite Asset,是复合资产,
Asset Quantity,资产数量,
Salvage Value Percentage,残值百分比,
Team,团队,
Maintenance Details,维护详细信息,
Value Details,价值详细信息,
Repair Details,维修详细信息,
Asset Capitalization,资产资本化,
Capitalization Method,资本化方法,
Consumed Stock Items,已消耗的库存商品,
Qty and Rate,数量和单价,
Batch and Serial No,批次和序列号,
Serial and Batch Bundle,序列号和批次捆绑,
Consumed Assets,已消耗的资产,
Service Expenses,服务费用,
Include Default FB Assets,包括默认的固定资产,
Asset Activity,资产活动,
Report View,报告视图,
Grouped by ,按分组,
Learn Procurement,学习采购,
Items & Pricing,商品与定价,
Items to Order and Receive,需要订购和接收的物品,
Supplier Contact,供应商联系,
Terms & Conditions,条款与条件,
Quotation Number,报价单号,
Terms Template,条款模板,
Stock Movement,库存流动,
Deferred Accounting,递延会计,
Default Discount Account,默认折扣账户,
Allow Purchase,允许购买,
Grant Commission,授予佣金,
Allow Sales,允许销售,
Minimum Net Rate,最低净价率,
Maximum Net Rate,最高净价率,
Is Recursive,是递归的,
"Discounts to be applied in sequential ranges like buy 1 get 1, buy 2 get 2, buy 3 get 3 and so on",折扣按顺序范围应用，如买1送1，买2送2，买3送3等。,
Min Qty (As Per Stock UOM),最小数量（按照库存计量单位）,
Max Qty (As Per Stock UOM),最大数量（按照库存计量单位）,
Min Amt,最低金额,
Max Amt,最高金额,
Threshold for Suggestion (In Percentage),建议的阈值（以百分比表示）,
Naming Series and Price Defaults,命名系列和价格默认值,
Transaction Settings,交易设置,
Subcontracting Settings,外包设置,
Action If Same Rate is Not Maintained,如果没有保持相同汇率的操作,
Configure the action to stop the transaction or just warn if the same rate is not maintained.,配置操作，如果没有保持相同的汇率，则停止交易或仅发出警告,
Role Allowed to Override Stop Action,允许覆盖停止操作的角色,
Blanket Order Allowance (%),总订单允许 (%),
Percentage you are allowed to order beyond the Blanket Order quantity.,您被允许超过总订单数量的百分比,
Update frequency of Project,项目更新频率,
"How often should Project be updated of Total Purchase Cost ?",项目的总购买成本应该多久更新一次？,
Bill for Rejected Quantity in Purchase Invoice,在采购发票中计费被拒绝的数量,
"If checked, Rejected Quantity will be included while making Purchase Invoice from Purchase Receipt.",如果选中，从采购收据制作采购发票时将包括被拒绝的数量。,
Disable Last Purchase Rate,禁用最后购买价格,
Show Pay Button in Purchase Order Portal,在采购订单门户中显示支付按钮,
"While making Purchase Invoice from Purchase Order, use Exchange Rate on Invoice's transaction date rather than inheriting it from Purchase Order. Only applies for Purchase Invoice.",从采购订单制作采购发票时，使用发票交易日期的汇率，而不是从采购订单继承。仅适用于采购发票。,
Auto Create Subcontracting Order,自动创建外包订单,
Subcontracting Order (Draft) will be auto-created on submission of Purchase Order.,在提交采购订单时，将自动创建外包订单（草稿）,
Auto Create Purchase Receipt,自动创建采购收货单,
Purchase Receipt (Draft) will be auto-created on submission of Subcontracting Receipt.,在提交外包收货单时，将自动创建采购收货单（草稿）,
Standard Terms and Conditions Example,标准条款和条件示例,
How to get fieldnames,如何获取字段名称,
"The fieldnames you can use in your email template are the fields in the document from which you are sending the email. You can find out the fields of any documents via Setup > Customize Form View and selecting the document type (e.g. Sales Invoice)",您可以在电子邮件模板中使用的字段名称是您发送电子邮件的文档中的字段。您可以通过设置 > 自定义表单视图并选择文档类型（例如销售发票）来查找任何文档的字段,
Templating,模板化,
"Templates are compiled using the Jinja Templating Language. To learn more about Jinja, ",请注意，模板是使用Jinja模板语言编译的。要了解有关Jinja的更多信息,
"Scorecard variables can be used, as well as: {total_score} (the total score from that period), {period_number} (the number of periods to present day)",得分卡变量可以使用，以及：{total_score}（该时期的总分数），{period_number}（到现在的周期数）,
Subcontracting Order,外包订单,
Learn Sales Management,学习销售管理,
Customer Defaults,客户默认值,
Item Price Settings,物品价格设置,
Calculate Product Bundle Price based on Child Items' Rates,根据子项的价格计算产品捆绑价格,
Allow Negative rates for Items,允许物品的负价格,
Sales Update Frequency in Company and Project,公司和项目中的销售更新频率,
Percentage you are allowed to sell beyond the Blanket Order quantity.,您被允许超过总订单数量的百分比,
Allow Item to be Added Multiple Times in a Transaction,允许在一笔交易中多次添加同一物品,
Allow Sales Order Creation For Expired Quotation,允许为已过期的报价创建销售订单,
Don't Reserve Sales Order Qty on Sales Return,在销售退货中不保留销售订单数量,
Enable Discount Accounting for Selling,启用销售的折扣会计,
"If enabled, additional ledger entries will be made for discounts in a separate Discount Account",如果启用，将为折扣在一个单独的折扣账户中生成额外的总账分录,
Total Stock Value,总库存价值,
Total Warehouses,总仓库数,
Total Active Items,总活跃物品数,
Warehouse wise Stock Value,按仓库划分的库存价值,
Quick Access,快速访问,
Learn Inventory Management,学习库存管理,
Items Catalogue,物品目录,
Unit of Measure (UOM),计量单位 (UOM),
Warehouse Wise Stock Balance,按仓库划分的库存余额,
BOM Info,物料清单信息,
Is Finished Item,是成品,
Is Scrap Item,是废料物品,
Add Serial / Batch No,添加序列号/批号,
Zero quantity,零数量,
Other Info,其他信息,
Qty in Stock UOM,库存计量单位的数量,
Serial and Batch No,序列号和批号,
Pick Serial / Batch No,选择序列号/批号,
Apply Putaway Rule,应用入库规则,
Qty as Per Stock UOM,按照库存计量单位的数量,
Received Qty in Stock UOM,以库存计量单位收到的数量,
Rate Difference with Purchase Invoice,与采购发票的汇率差异,
Add Serial / Batch No (Rejected Qty),添加序列号/批号（被拒绝的数量）,
Rejected Serial and Batch Bundle,被拒绝的序列号和批号捆绑,
Provisional Expense Account,暂定费用账户,
Available Qty For Consumption,可消耗的可用数量,
Qty to Be Consumed,待消耗的数量,
Shipping Address Template,送货地址模板,
Scan Mode,扫描模式,
"If checked, picked qty won't automatically be fulfilled on submit of pick list.",如果选中，拣货数量在提交拣货单时不会自动履行,
Prompt Qty,提示数量,
Picked Qty (in Stock UOM),拣货数量（以库存计量单位为单位）,
Stock Reserved Qty (in Stock UOM),库存预留数量（以库存计量单位为单位）,
Group Same Items,分组相同物品,
Get stops from,从获取停留点,
Locked,已锁定,
No Stock Available Currently,目前无库存可用,
Stock Validations,库存验证,
Stock Reservation,库存预留,
Serial & Batch Item,序列号和批号物品,
Stock Planning,库存规划,
Stock Closing,库存结算,
Price List Defaults,价格表默认值,
Auto Insert Item Price If Missing,如果缺少，自动插入物品价格,
Update Existing Price List Rate,更新现有的价格表率,
Stock UOM Quantity,库存计量单位数量,
Allow to Edit Stock UOM Qty for Sales Documents,允许编辑销售文档的库存计量单位数量,
Allow to Edit Stock UOM Qty for Purchase Documents,允许编辑采购文档的库存计量单位数量,
Stock Transactions Settings,库存交易设置,
Role Allowed to Over Deliver/Receive,允许超交/收货的角色,
"Users with this role are allowed to over deliver/receive against orders above the allowance percentage",拥有此角色的用户被允许根据超过允许百分比的订单进行超量交付/收货,
Over Transfer Allowance,超量调拨允许百分比,
"The percentage you are allowed to transfer more against the quantity ordered. For example, if you have ordered 100 units, and your Allowance is 10%, then you are allowed transfer 110 units.",您被允许根据订购数量进行超量调拨的百分比。例如，如果您订购了100个单位，您的允许百分比为10%，则您被允许调拨110个单位,
Show Barcode Field in Stock Transactions,在库存交易中显示条形码字段,
Convert Item Description to Clean HTML in Transactions,在交易中将物品描述转换为清晰的HTML,
Quality Inspection Settings,质量检验设置,
Action If Quality Inspection Is Rejected,如果质量检验被拒绝的操作,
Enable Stock Reservation,启用库存预留,
Allows to keep aside a specific quantity of inventory for a particular order.,允许为特定订单保留一定数量的库存,
Serial & Batch Item Settings,序列号和批号物品设置,
Auto Create Serial and Batch Bundle For Outward,自动创建出库的序列号和批次捆绑,
Pick Serial / Batch Based On,基于序列号/批号进行拣货的依据,
Disable Serial No And Batch Selector,禁用序列号和批号选择器,
Have Default Naming Series for Batch ID?,批号ID是否有默认命名系列?,
Control Historical Stock Transactions,控制历史库存交易,
No stock transactions can be created or modified before this date.,在此日期之前不能创建或修改任何库存交易,
Stock transactions that are older than the mentioned days cannot be modified.,超过指定天数的库存交易不能被修改,
Role Allowed to Create/Edit Back-dated Transactions,允许创建/编辑往前日期的交易的角色,
"If mentioned, the system will allow only the users with this Role to create or modify any stock transaction earlier than the latest stock transaction for a specific item and warehouse. If set as blank, it allows all users to create/edit back-dated transactions.",如果指定，系统将仅允许拥有此角色的用户创建或修改早于特定物品和仓库的最新库存交易的任何交易。如果留空，允许所有用户创建/编辑往前日期的交易,
Is Group Warehouse,是组仓库,
Transit,在途,
Use Batch-wise Valuation,使用批次逐笔计价,
Disables auto-fetching of existing quantity,禁用自动获取现有数量,
Serial / Batch Bundle,序列号/批号捆绑,
Manual Inspection,手动检验,
Numeric,数值,
Reading Value,阅读价值,
Acceptance Criteria Value,验收标准价值,
Minimum Value,最小值,
Maximum Value,最大值,
Formula Based Criteria,基于公式的标准,
Enabled Items only,仅启用的项目,
Disabled Items only,仅禁用的项目,
All Items,所有项目,
Let's Set Up the Buying Module.,让我们设置购买模块,
"Products, Purchases, Analysis, and more.",产品、购买、分析等等,
Track Material Request,跟踪物料请求,
Create first Purchase Order,创建第一个采购订单,
Let’s walk-through few Buying Settings,让我们一起了解一些购买设置,
Let's Set Up the Stock Module.,让我们设置库存模块,
"Inventory, Warehouses, Analysis, and more.",库存、仓库、分析等等,
Review Stock Settings,审查库存设置,
Setup a Warehouse,设置仓库,
Manage Stock Movements,管理库存流动,
Check Stock Ledger,查看库存分类账,
Update Stock Opening Balance,更新库存期初余额,
Take a walk through Stock Settings,浏览一下库存设置,
Shift & Attendance,班次和考勤,
"If set, only user with these roles can access this chart. If not set, DocType or Report permissions will be used.",如果设置，只有具有这些角色的用户才能访问此图表。如果未设置，将使用文档类型或报告权限,
Department Wise Openings,按部门分类的期初余额,
Your Shortcuts,快捷方式,
Interviews (This Week),面试（本周）,
"No Data...",暂无数据,
Interviews,面试,
Job Requisition,职位申请,
Interview Type,面试类型,
Interview Round,面试轮次,
Interview,面试,
Interview Feedback,面试反馈,
Get Job Requisitions,获取职位申请,
Staffing Details,人员配置详情,
Let's Set Up the Human Resource Module.,让我们设置人力资源模块,
"Employee, Leaves, and more.",员工、请假等等,
Create Holiday List,创建假期列表,
Import Data from Spreadsheet,从电子表格导入数据,
Create Leave Type,创建请假类型,
Create Leave Allocation,创建请假分配,
Create Leave Application,创建请假申请,
Hiring vs Attrition Count,招聘与流失人数统计,
Your Shortcuts,快捷方式,
Reports & Masters,报告&主数据,
HR Dashboard,人力资源仪表板,
Recruitment Dashboard,招聘仪表板,
Employee Lifecycle Dashboard,员工生命周期仪表板,
Attendance Dashboard,考勤仪表板,
Expense Claims Dashboard,费用报销仪表板,
Employees Working on a Holiday,在假期工作的员工,
Employee Exits,员工离职,
Employee Naming By,员工命名方式,
Employee records are created using the selected option,使用所选选项创建员工记录,
Standard Working Hours,标准工作小时,
Retirement Age (In Years),退休年龄（以年为单位）,
Reminders,提醒,
Work Anniversaries,工作周年纪念,
Birthdays,生日,
Set the frequency for holiday reminders,设置假期提醒的频率,
Leave and Expense Claim Settings,请假和费用报销设置,
Send Leave Notification,发送请假通知,
Restrict Backdated Leave Application,限制追溯的请假申请,
Shift Settings,班次设置,
Allow Multiple Shift Assignments for Same Date,允许同一日期多个班次分配,
Send Interview Feedback Reminder,发送面试反馈提醒,
Send Interview Reminder,发送面试提醒,
Employee Exit Settings,员工离职设置,
Exit Questionnaire Web Form,离职调查问卷网络表单,
Exit Questionnaire Notification Template,离职调查问卷通知模板,
Overview,概览,
Joining,入职,
Attendance & Leaves,考勤与请假,
Company Details,公司详情,
Cost to Company (CTC),公司总成本（CTC）,
Salary Currency,薪资货币,
Passport Details,护照详情,
Leave Policy Assignment,请假政策分配,
Employee Grievance,员工投诉,
Exit Interview,离职面谈,
Full and Final Statement,全额结算报表,
"Note: Shift will not be overwritten in existing attendance records",注意：不会覆盖现有考勤记录中的班次,
No Leave has been allocated.,未分配任何请假,
Dates & Reason,日期和原因,
Approval,批准,
Employee name,员工姓名,
Assignment based on,基于任务分配,
Effective From,生效日期,
Effective To,截止日期,
Onboarding Begins On,入职开始日期,
Onboarding Activities,入职活动,
Add Employee Property,添加员工属性,
Set the properties that should be updated in the Employee master on promotion submission,在晋升提交中设置应更新在员工主数据中的属性,
Add Employee Property,添加员工属性,
Current CTC,当前 CTC（成本至公司）,
Date ,日期,
Reports To,汇报对象,
Grievance Details,投诉详情,
Grievance Against Party,投诉方,
Grievance Against,投诉对象,
Grievance Type,投诉类型,
Associated Document Type,关联文档类型,
Associated Document,关联文档,
Investigation Details,调查详情,
Cause of Grievance,投诉原因,
Employee Responsible ,负责员工,
Separation Begins On,分离开始日期,
Separation Activities,分离活动,
Exit Questionnaire,离职调查问卷,
Questionnaire Email Sent,已发送调查问卷邮件,
Interview Details,面试详情,
Interviewers,面试官,
Interview Summary,面试总结,
Final Decision,最终决定,
Paid via Salary Slip,通过工资单支付,
Assets Allocated,分配的资产,
Expenses & Advances,费用与预付款,
Taxes & Charges,税费,
Sanctioned Amount,批准金额,
Taxes & Charges,税费及费用,
Unclaimed Amount,未申领金额,
Currency ,货币,
Purpose & Amount,目的和金额,
Repay Unclaimed Amount from Salary,从工资中偿还未申领的金额,
Benefits,福利,
Payroll Payable Account,工资应付账户,
Base & Variable,基本工资和绩效工资,
Payroll Cost Centers,工资成本中心,
Earnings & Deductions,收入和扣款,
Net Pay Info,净薪资信息,
Employee Info,员工信息,
Payroll Info,工资信息,
Gross Year To Date (CNY),截至目前的年度总收入（人民币）,
Year To Date (CNY),年初至今总计（人民币）,
Total salary booked for this employee from the beginning of the year (payroll period or fiscal year) up to the current salary slip's end date.,截至当前工资单结束日期，该员工从年初（工资期间或财政年度）开始的总薪资,
Month To Date (CNY),截至目前月底的总计（人民币）,
Total salary booked for this employee from the beginning of the month up to the current salary slip's end date.,截至当前工资单结束日期，该员工从本月初开始的总薪资,
The date on which Salary Component with Amount will contribute for Earnings/Deduction in Salary Slip.,工资单中工资组件及金额对收入/扣款的贡献日期,
Start Timer,启动计时器,
Incentive,激励,
Bonus,奖金,
KRAs,关键绩效指标（KRAs）,
Self Appraisal,自我评估,
Appraisal Cycle,考核周期,
Rate Goals Manually,手动评定目标,
KRA vs Goals,关键绩效指标（KRA）与目标的比较,
KRA,关键绩效指标（KRA）,
Goal Completion (%),目标完成率（%）,
Goal Score (weighted),目标得分（加权）,
Ratings,评分,
Reflections,反思,
Consolidate Leave Types,合并请假类型,
No of. Positions,职位数量,
Expected Compensation,期望薪酬,
Requested By,请求者,
Timelines,时间表,
Reason for Requesting,请求原因,
Publish Salary Range,发布薪资范围,
Lower Range,下限范围,
Upper Range,上限范围,
No Interview has been scheduled.,未安排任何面试,
Applicant Name,申请人姓名,
Source and Rating,来源和评级,
Applicant Rating,申请人评级,
Resume Link,简历链接,
Salary Expectation,薪资期望,
First Name ,名字,
For Designation ,对于职务,
Referral Details,推荐详细信息,
Current Employer ,当前雇主,
Current Job Title,当前职务标题,
Referrer Details,推荐人详细信息,
Is Applicable for Referral Bonus,是否适用于推荐奖金,
Additional Information ,附加信息,
"Why is this Candidate Qualified for this Position?",为什么这位候选人适合这个职位？,
Work References,工作参考,
Round Name,面试轮次名称,
Expected Average Rating,预期平均评级,
Expected Skillset,预期技能集,
Resume link,简历链接,
Scheduled On,安排在,
Average Rating,平均评分,
Skill Assessment,技能评估,
New Hires (This Month),新员工（本月）,
Exits (This Month),离职员工（本月）,
Trainings (This Week),培训（本周）,
Journey,旅程,
Grievance,申诉,
Full and Final Settlement,全额结算,
Update Property,更新资产,
Unsettled,未结算,
Returned,已归还,
Employee Retained,员工保留,
Exit Confirmed,离职已确认,
Exit Interview Pending,离职面谈待定,
Exit Questionnaire Pending,离职调查问卷待定,
FnF Pending,全额结算待定,
Interview Status,面试状态,
Employee Performance Feedback,员工绩效反馈,
KRA ,关键结果领域 (KRA),
Employee Feedback Criteria,员工反馈标准,
Employee Performance Feedback,员工绩效反馈,
Promotion,晋升,
Appraisal Overview,考核概览,
Key Result Area,关键结果领域 (KRA),
Rating Criteria,评级标准,
Criteria based on which employee should be rated in Performance Feedback and Self Appraisal,员工在绩效反馈和自我评估中应被评定的标准,
Cycle Name,周期名称,
KRA Evaluation Method,KRA 评估方法,
Automated Based on Goal Progress,基于目标进展自动化,
Manual Rating,手动评级,
Set optional filters to fetch employees in the appraisee list,在被评估者列表中设置可选过滤器以获取员工,
Reviewer,评审人,
Added On,添加日期,
Attendance Count,考勤次数,
Shifts,班次,
Shift Attendance,班次考勤,
Employee Hours Utilization Based On Timesheet,基于时间表的员工工时利用率,
Project Profitability,项目盈利能力,
Set filters to fetch employees,设置筛选条件以获取员工,
Set Attendance Details,设置考勤详情,
Set attendance details for the employees select above,为上面选择的员工设置考勤详情,
Consider Grace Period,考虑宽限期,
Claims,报销,
Vehicle Service Item,车辆服务项目,
Accounting Reports,会计报告,
"The date on which Salary Component with Amount will contribute for Earnings/Deduction in Salary Slip. ",工资单中薪资组件（带有金额）贡献收入/扣除的日期,
Vehicle Service Item,车辆服务项目,
Add Local Holidays,添加本地节假日,
Service Level Name,服务水平名称,
Response and Resolution,响应和解决,
Apply SLA for Resolution Time,应用SLA以获取解决时间,
Workstation Type,工作站类型,
Maximum Leave Allocation Allowed,允许的最大请假额度,
Maximum Consecutive Leaves Allowed,允许的最大连续请假天数,
"These leaves are holidays permitted by the company however, availing it is optional for an Employee.",这些假期是公司允许的，但员工可以选择是否休假,
Allow Over Allocation,允许超额分配,
"Allows allocating more leaves than the number of days in the allocation period.",允许在分配期内分配超过天数的假期,
Add Day-wise Dates,逐日添加日期,
Set Leave Details,设置请假详情,
Dates Based On,基于日期,
Allocate Based On Leave Policy,根据请假政策分配,
Add unused leaves from previous leave period's allocation to this allocation,将上一个请假期的未使用假期额度添加到这个假期期间的额度中,
Quick Filters,快速筛选,
Advanced Filters,高级筛选,
No filters selected,未选择筛选条件,
llocate Leave,分配请假,
Application,应用,
Encashment Days,兑现天数,
BOM Creator,BOM（物料清单）创建者,
Learn Manufacturing,学习制造业,
Returned Qty ,返回数量,
Process Loss Qty,加工损失数量,
BOM,物料清单,
Work Order Consumed Materials,工单消耗的材料,
Assembly Items,装配件,
FG Warehouse,成品仓库,
Sub Assembly Items,子装配件,
Consolidate Sub Assembly Items,合并子装配件项目,
Sub Assembly Warehouse,子装配件仓库,
Skip Available Sub Assembly Items,跳过可用的子装配件项目,
"If this checkbox is enabled, then the system won’t run the MRP for the available sub-assembly items.",如果启用了此复选框，则系统将不会对可用的子装配件项目运行MRP,
Get Sub Assembly Items,获取子装配件项目,
Sub Assembly Item Code,子装配件项目代码,
Bom No,物料清单编号,
Level (BOM),层级（BOM）,
Manufacturing Type,制造类型,
Include Safety Stock in Required Qty Calculation,在所需数量计算中包含安全库存,
Ignore Available Stock,忽略可用库存,
"If enabled, the system will create material requests even if the stock exists in the 'Raw Materials Warehouse'.",如果启用，系统将创建物料请求，即使“原材料仓库”中存在库存,
Raw Materials Warehouse,原材料仓库,
Get Raw Materials for Purchase,获取用于购买的原材料,
Get Raw Materials for Transfer,获取用于转移的原材料,
Plan to Request Qty,计划请求数量,
Qty As Per BOM,按照BOM的数量,
In House,公司内,
Operation & Workstation,操作和工作站,
Expected Time Required (In Mins),预计所需时间（分钟）,
Actual Time,实际时间,
Scrap Item Code,废品项目代码,
Scrap Item Name,废品项目名称,
FG Qty from Transferred Raw Materials,从转移的原材料中获取的成品数量,
Forecasting,预测,